Copyright 1986-2022 Xilinx, Inc. All Rights Reserved. Copyright 2022-2025 Advanced Micro Devices, Inc. All Rights Reserved.
---------------------------------------------------------------------------------------------------------------------------------------------
| Tool Version : Vivado v.2025.2 (win64) Build 6299465 Fri Nov 14 19:35:11 GMT 2025
| Date         : Tue May  5 18:40:03 2026
| Host         : NUL-LENDLAP97 running 64-bit major release  (build 9200)
| Command      : report_control_sets -verbose -file design_1_wrapper_control_sets_placed.rpt
| Design       : design_1_wrapper
| Device       : xc7a100t
---------------------------------------------------------------------------------------------------------------------------------------------

Control Set Information

Table of Contents
-----------------
1. Summary
2. Histogram
3. Flip-Flop Distribution
4. Detailed Control Set Information

1. Summary
----------

+----------------------------------------------------------+-------+
|                          Status                          | Count |
+----------------------------------------------------------+-------+
| Total control sets                                       |   199 |
|    Minimum number of control sets                        |   199 |
|    Addition due to synthesis replication                 |     0 |
|    Addition due to physical synthesis replication        |     0 |
| Unused register locations in slices containing registers |   704 |
+----------------------------------------------------------+-------+
* Control sets can be merged at opt_design using control_set_merge or merge_equivalent_drivers
** Run report_qor_suggestions for automated merging and remapping suggestions


2. Histogram
------------

+--------------------+-------+
|       Fanout       | Count |
+--------------------+-------+
| Total control sets |   199 |
| >= 0 to < 4        |    79 |
| >= 4 to < 6        |    17 |
| >= 6 to < 8        |    11 |
| >= 8 to < 10       |    33 |
| >= 10 to < 12      |     4 |
| >= 12 to < 14      |     9 |
| >= 14 to < 16      |     0 |
| >= 16              |    46 |
+--------------------+-------+
* Control sets can be remapped at either synth_design or opt_design


3. Flip-Flop Distribution
-------------------------

+--------------+-----------------------+------------------------+-----------------+--------------+
| Clock Enable | Synchronous Set/Reset | Asynchronous Set/Reset | Total Registers | Total Slices |
+--------------+-----------------------+------------------------+-----------------+--------------+
| No           | No                    | No                     |             394 |          183 |
| No           | No                    | Yes                    |             374 |          103 |
| No           | Yes                   | No                     |             343 |          166 |
| Yes          | No                    | No                     |            8516 |         6153 |
| Yes          | No                    | Yes                    |             910 |          334 |
| Yes          | Yes                   | No                     |             679 |          238 |
+--------------+-----------------------+------------------------+-----------------+--------------+


4. Detailed Control Set Information
-----------------------------------

+------------------------------------------------------------+------------------------------------------------------------------------------------------------------------------------------------------------------------------------------------------------------------+--------------------------------------------------------------------------------------------------------------------------------------------------------------------+------------------+----------------+--------------+
|                        Clock Signal                        |                                                                                                Enable Signal                                                                                               |                                                                          Set/Reset Signal                                                                          | Slice Load Count | Bel Load Count | Bels / Slice |
+------------------------------------------------------------+------------------------------------------------------------------------------------------------------------------------------------------------------------------------------------------------------------+--------------------------------------------------------------------------------------------------------------------------------------------------------------------+------------------+----------------+--------------+
|  design_1_i/clk_wiz_1/inst/clk_out1                        |                                                                                                                                                                                                            | design_1_i/axi_smc/inst/switchboards/i_nodes/i_b_node/inst/s_sc_areset_pipe                                                                                        |                1 |              1 |         1.00 |
|  design_1_i/clk_wiz_1/inst/clk_out1                        |                                                                                                                                                                                                            | design_1_i/microblaze_0/U0/MicroBlaze_Core_I/Performance.Core/Use_Debug_Logic.Master_Core.Debug_Perf/Serial_Dbg_Intf.capture_1                                     |                1 |              1 |         1.00 |
|  design_1_i/clk_wiz_1/inst/clk_out1                        |                                                                                                                                                                                                            | design_1_i/axi_smc/inst/m00_nodes/m00_w_node/inst/s_sc_areset_pipe                                                                                                 |                1 |              1 |         1.00 |
|  design_1_i/clk_wiz_1/inst/clk_out1                        |                                                                                                                                                                                                            | design_1_i/axi_smc/inst/m00_nodes/m00_r_node/inst/s_sc_areset_pipe                                                                                                 |                1 |              1 |         1.00 |
|  design_1_i/mdm_1/U0/No_Dbg_Reg_Access.BUFG_DRCK/Dbg_Clk_0 | design_1_i/mdm_1/U0/Use_E2.BSCAN_I/Use_E2.BSCANE2_I_0                                                                                                                                                      | design_1_i/mdm_1/U0/MDM_Core_I1/JTAG_CONTROL_I/Functional_Reset                                                                                                    |                1 |              1 |         1.00 |
|  design_1_i/clk_wiz_1/inst/clk_out1                        |                                                                                                                                                                                                            | design_1_i/axi_smc/inst/m00_nodes/m00_b_node/inst/s_sc_areset_pipe                                                                                                 |                1 |              1 |         1.00 |
|  design_1_i/clk_wiz_1/inst/clk_out1                        |                                                                                                                                                                                                            | design_1_i/axi_smc/inst/m00_nodes/m00_aw_node/inst/s_sc_areset_pipe                                                                                                |                1 |              1 |         1.00 |
|  design_1_i/clk_wiz_1/inst/clk_out1                        |                                                                                                                                                                                                            | design_1_i/axi_smc/inst/s00_nodes/s00_r_node/inst/s_sc_areset_pipe                                                                                                 |                1 |              1 |         1.00 |
|  design_1_i/clk_wiz_1/inst/clk_out1                        |                                                                                                                                                                                                            | design_1_i/axi_smc/inst/m00_nodes/m00_ar_node/inst/s_sc_areset_pipe                                                                                                |                1 |              1 |         1.00 |
|  design_1_i/clk_wiz_1/inst/clk_out1                        |                                                                                                                                                                                                            | design_1_i/axi_smc/inst/m02_nodes/m02_aw_node/inst/s_sc_areset_pipe                                                                                                |                1 |              1 |         1.00 |
|  design_1_i/clk_wiz_1/inst/clk_out1                        |                                                                                                                                                                                                            | design_1_i/axi_smc/inst/switchboards/i_nodes/i_aw_node/inst/s_sc_areset_pipe                                                                                       |                1 |              1 |         1.00 |
|  design_1_i/clk_wiz_1/inst/clk_out1                        |                                                                                                                                                                                                            | design_1_i/axi_smc/inst/m01_nodes/m01_w_node/inst/s_sc_areset_pipe                                                                                                 |                1 |              1 |         1.00 |
|  design_1_i/clk_wiz_1/inst/clk_out1                        |                                                                                                                                                                                                            | design_1_i/axi_smc/inst/s00_nodes/s00_w_node/inst/s_sc_areset_pipe                                                                                                 |                1 |              1 |         1.00 |
|  design_1_i/clk_wiz_1/inst/clk_out1                        |                                                                                                                                                                                                            | design_1_i/axi_smc/inst/s00_nodes/s00_ar_node/inst/s_sc_areset_pipe                                                                                                |                1 |              1 |         1.00 |
|  design_1_i/clk_wiz_1/inst/clk_out1                        |                                                                                                                                                                                                            | design_1_i/axi_smc/inst/m01_nodes/m01_r_node/inst/s_sc_areset_pipe                                                                                                 |                1 |              1 |         1.00 |
|  design_1_i/clk_wiz_1/inst/clk_out1                        |                                                                                                                                                                                                            | design_1_i/axi_smc/inst/m01_nodes/m01_aw_node/inst/s_sc_areset_pipe                                                                                                |                1 |              1 |         1.00 |
|  design_1_i/clk_wiz_1/inst/clk_out1                        |                                                                                                                                                                                                            | design_1_i/axi_smc/inst/m03_nodes/m03_ar_node/inst/s_sc_areset_pipe                                                                                                |                1 |              1 |         1.00 |
|  design_1_i/clk_wiz_1/inst/clk_out1                        |                                                                                                                                                                                                            | design_1_i/axi_smc/inst/m01_nodes/m01_ar_node/inst/s_sc_areset_pipe                                                                                                |                1 |              1 |         1.00 |
|  design_1_i/clk_wiz_1/inst/clk_out1                        |                                                                                                                                                                                                            | design_1_i/axi_smc/inst/m02_nodes/m02_w_node/inst/s_sc_areset_pipe                                                                                                 |                1 |              1 |         1.00 |
|  design_1_i/clk_wiz_1/inst/clk_out1                        |                                                                                                                                                                                                            | design_1_i/axi_smc/inst/m02_nodes/m02_ar_node/inst/s_sc_areset_pipe                                                                                                |                1 |              1 |         1.00 |
|  design_1_i/clk_wiz_1/inst/clk_out1                        |                                                                                                                                                                                                            | design_1_i/axi_smc/inst/switchboards/i_nodes/i_r_node/inst/s_sc_areset_pipe                                                                                        |                1 |              1 |         1.00 |
|  design_1_i/clk_wiz_1/inst/clk_out1                        |                                                                                                                                                                                                            | design_1_i/axi_smc/inst/m03_nodes/m03_aw_node/inst/s_sc_areset_pipe                                                                                                |                1 |              1 |         1.00 |
|  design_1_i/clk_wiz_1/inst/clk_out1                        |                                                                                                                                                                                                            | design_1_i/axi_smc/inst/switchboards/i_nodes/i_w_node/inst/s_sc_areset_pipe                                                                                        |                1 |              1 |         1.00 |
|  design_1_i/clk_wiz_1/inst/clk_out1                        |                                                                                                                                                                                                            | design_1_i/axi_smc/inst/switchboards/i_nodes/i_ar_node/inst/s_sc_areset_pipe                                                                                       |                1 |              1 |         1.00 |
|  design_1_i/clk_wiz_1/inst/clk_out1                        |                                                                                                                                                                                                            | design_1_i/axi_smc/inst/m02_nodes/m02_r_node/inst/s_sc_areset_pipe                                                                                                 |                1 |              1 |         1.00 |
|  design_1_i/clk_wiz_1/inst/clk_out1                        |                                                                                                                                                                                                            | design_1_i/axi_smc/inst/m03_nodes/m03_r_node/inst/s_sc_areset_pipe                                                                                                 |                1 |              1 |         1.00 |
|  design_1_i/clk_wiz_1/inst/clk_out1                        |                                                                                                                                                                                                            | design_1_i/axi_smc/inst/m01_nodes/m01_b_node/inst/s_sc_areset_pipe                                                                                                 |                1 |              1 |         1.00 |
|  design_1_i/clk_wiz_1/inst/clk_out1                        |                                                                                                                                                                                                            | design_1_i/axi_smc/inst/m02_nodes/m02_b_node/inst/s_sc_areset_pipe                                                                                                 |                1 |              1 |         1.00 |
|  design_1_i/clk_wiz_1/inst/clk_out1                        |                                                                                                                                                                                                            | design_1_i/axi_smc/inst/s00_nodes/s00_aw_node/inst/s_sc_areset_pipe                                                                                                |                1 |              1 |         1.00 |
|  design_1_i/clk_wiz_1/inst/clk_out1                        |                                                                                                                                                                                                            | design_1_i/axi_smc/inst/m03_nodes/m03_w_node/inst/s_sc_areset_pipe                                                                                                 |                1 |              1 |         1.00 |
|  design_1_i/clk_wiz_1/inst/clk_out1                        |                                                                                                                                                                                                            | design_1_i/axi_smc/inst/s00_nodes/s00_b_node/inst/s_sc_areset_pipe                                                                                                 |                1 |              1 |         1.00 |
|  design_1_i/clk_wiz_1/inst/clk_out1                        |                                                                                                                                                                                                            | design_1_i/axi_smc/inst/m03_nodes/m03_b_node/inst/s_sc_areset_pipe                                                                                                 |                1 |              1 |         1.00 |
| ~design_1_i/mdm_1/U0/No_Dbg_Reg_Access.BUFG_DRCK/Dbg_Clk_0 | design_1_i/mdm_1/U0/MDM_Core_I1/JTAG_CONTROL_I/Use_BSCAN.FDC_I/CE                                                                                                                                          | design_1_i/mdm_1/U0/MDM_Core_I1/JTAG_CONTROL_I/Use_BSCAN.FDC_I/D                                                                                                   |                1 |              1 |         1.00 |
|  design_1_i/mdm_1/U0/Use_E2.BSCAN_I/Dbg_Update_0_BUFG      | design_1_i/microblaze_0/U0/MicroBlaze_Core_I/Performance.Core/Use_Debug_Logic.Master_Core.Debug_Perf/Control_Reg_En                                                                                        | design_1_i/microblaze_0/U0/MicroBlaze_Core_I/Performance.Core/Use_Debug_Logic.Master_Core.Debug_Perf/Serial_Dbg_Intf.normal_stop_cmd_i_reg_n_0                     |                1 |              1 |         1.00 |
|  design_1_i/mdm_1/U0/Use_E2.BSCAN_I/Dbg_Update_0_BUFG      | design_1_i/microblaze_0/U0/MicroBlaze_Core_I/Performance.Core/Use_Debug_Logic.Master_Core.Debug_Perf/Control_Reg_En                                                                                        | design_1_i/microblaze_0/U0/MicroBlaze_Core_I/Performance.Core/Use_Debug_Logic.Master_Core.Debug_Perf/Serial_Dbg_Intf.continue_from_brk_reg_0                       |                1 |              1 |         1.00 |
|  design_1_i/mdm_1/U0/Use_E2.BSCAN_I/Dbg_Update_0_BUFG      | design_1_i/microblaze_0/U0/MicroBlaze_Core_I/Performance.Core/Use_Debug_Logic.Master_Core.Debug_Perf/Control_Reg_En                                                                                        | design_1_i/microblaze_0/U0/MicroBlaze_Core_I/Performance.Core/Use_Debug_Logic.Master_Core.Debug_Perf/Serial_Dbg_Intf.force_stop_cmd_i_reg_0                        |                1 |              1 |         1.00 |
|  design_1_i/mdm_1/U0/Use_E2.BSCAN_I/Dbg_Update_0_BUFG      | design_1_i/microblaze_0/U0/MicroBlaze_Core_I/Performance.Core/Use_Debug_Logic.Master_Core.Debug_Perf/Control_Reg_En                                                                                        | design_1_i/microblaze_0/U0/MicroBlaze_Core_I/Performance.Core/Use_Debug_Logic.Master_Core.Debug_Perf/Functional_Reset                                              |                1 |              1 |         1.00 |
| ~design_1_i/mdm_1/U0/Use_E2.BSCAN_I/Dbg_Update_0_BUFG      |                                                                                                                                                                                                            | design_1_i/mdm_1/U0/MDM_Core_I1/JTAG_CONTROL_I/sel_n                                                                                                               |                1 |              1 |         1.00 |
|  design_1_i/mdm_1/U0/Use_E2.BSCAN_I/Dbg_Update_0_BUFG      | design_1_i/microblaze_0/U0/MicroBlaze_Core_I/Performance.Core/Use_Debug_Logic.Master_Core.Debug_Perf/Command_Reg_En                                                                                        | design_1_i/microblaze_0/U0/MicroBlaze_Core_I/Performance.Core/Use_Debug_Logic.Master_Core.Debug_Perf/command_reg_clear                                             |                1 |              2 |         2.00 |
|  design_1_i/clk_wiz_1/inst/clk_out1                        |                                                                                                                                                                                                            | design_1_i/axi_smc/inst/s00_nodes/s00_ar_node/inst/s_sc_xpm_cdc_async_rst_inst/reset_pol                                                                           |                1 |              3 |         3.00 |
|  design_1_i/clk_wiz_1/inst/clk_out1                        |                                                                                                                                                                                                            | design_1_i/axi_smc/inst/switchboards/i_nodes/i_ar_node/inst/s_sc_xpm_cdc_async_rst_inst/reset_pol                                                                  |                1 |              3 |         3.00 |
|  design_1_i/clk_wiz_1/inst/clk_out1                        |                                                                                                                                                                                                            | design_1_i/axi_smc/inst/s00_nodes/s00_aw_node/inst/s_sc_xpm_cdc_async_rst_inst/reset_pol                                                                           |                1 |              3 |         3.00 |
|  design_1_i/clk_wiz_1/inst/clk_out1                        |                                                                                                                                                                                                            | design_1_i/axi_smc/inst/s00_nodes/s00_b_node/inst/s_sc_xpm_cdc_async_rst_inst/reset_pol                                                                            |                1 |              3 |         3.00 |
|  design_1_i/clk_wiz_1/inst/clk_out1                        |                                                                                                                                                                                                            | design_1_i/axi_smc/inst/s00_nodes/s00_r_node/inst/s_sc_xpm_cdc_async_rst_inst/reset_pol                                                                            |                1 |              3 |         3.00 |
|  design_1_i/clk_wiz_1/inst/clk_out1                        |                                                                                                                                                                                                            | design_1_i/axi_smc/inst/s00_nodes/s00_w_node/inst/s_sc_xpm_cdc_async_rst_inst/reset_pol                                                                            |                1 |              3 |         3.00 |
|  design_1_i/clk_wiz_1/inst/clk_out1                        |                                                                                                                                                                                                            | design_1_i/axi_smc/inst/s00_entry_pipeline/s00_transaction_regulator/inst/xpm_cdc_async_rst_inst/reset_pol                                                         |                1 |              3 |         3.00 |
|  design_1_i/clk_wiz_1/inst/clk_out1                        |                                                                                                                                                                                                            | design_1_i/axi_smc/inst/s00_entry_pipeline/s00_si_converter/inst/xpm_cdc_async_rst_inst/reset_pol                                                                  |                1 |              3 |         3.00 |
|  design_1_i/clk_wiz_1/inst/clk_out1                        |                                                                                                                                                                                                            | design_1_i/axi_smc/inst/s00_entry_pipeline/s00_mmu/inst/xpm_cdc_async_rst_inst/reset_pol                                                                           |                1 |              3 |         3.00 |
|  design_1_i/clk_wiz_1/inst/clk_out1                        |                                                                                                                                                                                                            | design_1_i/axi_smc/inst/m03_nodes/m03_w_node/inst/s_sc_xpm_cdc_async_rst_inst/reset_pol                                                                            |                1 |              3 |         3.00 |
|  design_1_i/clk_wiz_1/inst/clk_out1                        |                                                                                                                                                                                                            | design_1_i/axi_smc/inst/m03_exit_pipeline/m03_exit/inst/xpm_cdc_async_rst_inst/reset_pol                                                                           |                1 |              3 |         3.00 |
|  design_1_i/clk_wiz_1/inst/clk_out1                        |                                                                                                                                                                                                            | design_1_i/axi_smc/inst/m03_nodes/m03_ar_node/inst/s_sc_xpm_cdc_async_rst_inst/reset_pol                                                                           |                1 |              3 |         3.00 |
|  design_1_i/clk_wiz_1/inst/clk_out1                        |                                                                                                                                                                                                            | design_1_i/axi_smc/inst/m03_nodes/m03_aw_node/inst/s_sc_xpm_cdc_async_rst_inst/reset_pol                                                                           |                1 |              3 |         3.00 |
|  design_1_i/clk_wiz_1/inst/clk_out1                        |                                                                                                                                                                                                            | design_1_i/axi_smc/inst/m02_nodes/m02_ar_node/inst/s_sc_xpm_cdc_async_rst_inst/reset_pol                                                                           |                1 |              3 |         3.00 |
|  design_1_i/clk_wiz_1/inst/clk_out1                        |                                                                                                                                                                                                            | design_1_i/axi_smc/inst/m03_nodes/m03_r_node/inst/s_sc_xpm_cdc_async_rst_inst/reset_pol                                                                            |                1 |              3 |         3.00 |
|  design_1_i/clk_wiz_1/inst/clk_out1                        |                                                                                                                                                                                                            | design_1_i/axi_smc/inst/m02_nodes/m02_b_node/inst/s_sc_xpm_cdc_async_rst_inst/reset_pol                                                                            |                1 |              3 |         3.00 |
|  design_1_i/clk_wiz_1/inst/clk_out1                        |                                                                                                                                                                                                            | design_1_i/axi_smc/inst/m02_nodes/m02_r_node/inst/s_sc_xpm_cdc_async_rst_inst/reset_pol                                                                            |                1 |              3 |         3.00 |
|  design_1_i/clk_wiz_1/inst/clk_out1                        |                                                                                                                                                                                                            | design_1_i/axi_smc/inst/m02_nodes/m02_w_node/inst/s_sc_xpm_cdc_async_rst_inst/reset_pol                                                                            |                1 |              3 |         3.00 |
|  design_1_i/clk_wiz_1/inst/clk_out1                        |                                                                                                                                                                                                            | design_1_i/axi_smc/inst/m02_exit_pipeline/m02_exit/inst/xpm_cdc_async_rst_inst/reset_pol                                                                           |                1 |              3 |         3.00 |
|  design_1_i/clk_wiz_1/inst/clk_out1                        |                                                                                                                                                                                                            | design_1_i/axi_smc/inst/m01_nodes/m01_ar_node/inst/s_sc_xpm_cdc_async_rst_inst/reset_pol                                                                           |                1 |              3 |         3.00 |
|  design_1_i/clk_wiz_1/inst/clk_out1                        |                                                                                                                                                                                                            | design_1_i/axi_smc/inst/m01_nodes/m01_aw_node/inst/s_sc_xpm_cdc_async_rst_inst/reset_pol                                                                           |                1 |              3 |         3.00 |
|  design_1_i/clk_wiz_1/inst/clk_out1                        |                                                                                                                                                                                                            | design_1_i/axi_smc/inst/m01_nodes/m01_b_node/inst/s_sc_xpm_cdc_async_rst_inst/reset_pol                                                                            |                1 |              3 |         3.00 |
|  design_1_i/clk_wiz_1/inst/clk_out1                        |                                                                                                                                                                                                            | design_1_i/axi_smc/inst/m02_nodes/m02_aw_node/inst/s_sc_xpm_cdc_async_rst_inst/reset_pol                                                                           |                1 |              3 |         3.00 |
|  design_1_i/clk_wiz_1/inst/clk_out1                        |                                                                                                                                                                                                            | design_1_i/axi_smc/inst/m01_nodes/m01_r_node/inst/s_sc_xpm_cdc_async_rst_inst/reset_pol                                                                            |                1 |              3 |         3.00 |
|  design_1_i/clk_wiz_1/inst/clk_out1                        |                                                                                                                                                                                                            | design_1_i/axi_smc/inst/m01_nodes/m01_w_node/inst/s_sc_xpm_cdc_async_rst_inst/reset_pol                                                                            |                1 |              3 |         3.00 |
|  design_1_i/clk_wiz_1/inst/clk_out1                        |                                                                                                                                                                                                            | design_1_i/axi_smc/inst/m00_nodes/m00_ar_node/inst/s_sc_xpm_cdc_async_rst_inst/reset_pol                                                                           |                1 |              3 |         3.00 |
|  design_1_i/clk_wiz_1/inst/clk_out1                        |                                                                                                                                                                                                            | design_1_i/axi_smc/inst/m00_nodes/m00_aw_node/inst/s_sc_xpm_cdc_async_rst_inst/reset_pol                                                                           |                1 |              3 |         3.00 |
|  design_1_i/clk_wiz_1/inst/clk_out1                        |                                                                                                                                                                                                            | design_1_i/axi_smc/inst/m00_nodes/m00_b_node/inst/s_sc_xpm_cdc_async_rst_inst/reset_pol                                                                            |                1 |              3 |         3.00 |
|  design_1_i/clk_wiz_1/inst/clk_out1                        |                                                                                                                                                                                                            | design_1_i/axi_smc/inst/m00_nodes/m00_r_node/inst/s_sc_xpm_cdc_async_rst_inst/reset_pol                                                                            |                1 |              3 |         3.00 |
|  design_1_i/clk_wiz_1/inst/clk_out1                        |                                                                                                                                                                                                            | design_1_i/axi_smc/inst/m00_nodes/m00_w_node/inst/s_sc_xpm_cdc_async_rst_inst/reset_pol                                                                            |                1 |              3 |         3.00 |
|  design_1_i/clk_wiz_1/inst/clk_out1                        |                                                                                                                                                                                                            | design_1_i/axi_smc/inst/m01_exit_pipeline/m01_exit/inst/xpm_cdc_async_rst_inst/reset_pol                                                                           |                1 |              3 |         3.00 |
|  design_1_i/clk_wiz_1/inst/clk_out1                        | design_1_i/axi_intc_0/U0/AXI_LITE_IPIF_I/I_SLAVE_ATTACHMENT/s_axi_rresp_i[0]                                                                                                                               | design_1_i/axi_intc_0/U0/AXI_LITE_IPIF_I/I_SLAVE_ATTACHMENT/rst                                                                                                    |                1 |              3 |         3.00 |
|  design_1_i/clk_wiz_1/inst/clk_out1                        |                                                                                                                                                                                                            | design_1_i/axi_smc/inst/m00_exit_pipeline/m00_exit/inst/xpm_cdc_async_rst_inst/reset_pol                                                                           |                1 |              3 |         3.00 |
|  design_1_i/mdm_1/U0/Use_E2.BSCAN_I/Dbg_Update_0_BUFG      |                                                                                                                                                                                                            |                                                                                                                                                                    |                3 |              3 |         1.00 |
|  design_1_i/clk_wiz_1/inst/clk_out1                        |                                                                                                                                                                                                            | design_1_i/axi_smc/inst/switchboards/i_nodes/i_aw_node/inst/s_sc_xpm_cdc_async_rst_inst/reset_pol                                                                  |                1 |              3 |         3.00 |
|  design_1_i/clk_wiz_1/inst/clk_out1                        |                                                                                                                                                                                                            | design_1_i/axi_smc/inst/switchboards/i_nodes/i_b_node/inst/s_sc_xpm_cdc_async_rst_inst/reset_pol                                                                   |                1 |              3 |         3.00 |
|  design_1_i/clk_wiz_1/inst/clk_out1                        | design_1_i/DMA_0/inst/u_sys_mem/FSM_onehot_w_state[2]_i_1_n_0                                                                                                                                              | design_1_i/DMA_0/inst/u_mem_init/rst_n_0                                                                                                                           |                1 |              3 |         3.00 |
|  design_1_i/clk_wiz_1/inst/clk_out1                        |                                                                                                                                                                                                            | design_1_i/axi_smc/inst/switchboards/i_nodes/i_r_node/inst/s_sc_xpm_cdc_async_rst_inst/reset_pol                                                                   |                1 |              3 |         3.00 |
|  design_1_i/clk_wiz_1/inst/clk_out1                        |                                                                                                                                                                                                            | design_1_i/axi_smc/inst/switchboards/i_nodes/i_w_node/inst/s_sc_xpm_cdc_async_rst_inst/reset_pol                                                                   |                1 |              3 |         3.00 |
|  design_1_i/clk_wiz_1/inst/clk_out1                        |                                                                                                                                                                                                            | design_1_i/axi_smc/inst/m03_nodes/m03_b_node/inst/s_sc_xpm_cdc_async_rst_inst/reset_pol                                                                            |                1 |              3 |         3.00 |
|  design_1_i/clk_wiz_1/inst/clk_out1                        | design_1_i/axi_smc/inst/s00_entry_pipeline/s00_mmu/inst/wroute_vacancy                                                                                                                                     |                                                                                                                                                                    |                1 |              4 |         4.00 |
|  design_1_i/clk_wiz_1/inst/clk_out1                        | design_1_i/axi_uartlite_0/U0/AXI_LITE_IPIF_I/I_SLAVE_ATTACHMENT/start2                                                                                                                                     | design_1_i/axi_uartlite_0/U0/AXI_LITE_IPIF_I/I_SLAVE_ATTACHMENT/I_DECODER/cs_ce_clr                                                                                |                1 |              4 |         4.00 |
|  design_1_i/clk_wiz_1/inst/clk_out1                        | design_1_i/axi_smc/inst/switchboards/i_nodes/i_r_node/inst/inst_mi_handler/gen_normal_area.gen_fi_regulator.inst_fi_regulator/allow_transfer_r_reg_0                                                       | design_1_i/axi_smc/inst/switchboards/i_nodes/i_r_node/inst/inst_si_handler/gen_si_handler.gen_request_counters.gen_req_counter[1].inst_req_counter/areset_r_reg[0] |                1 |              4 |         4.00 |
|  design_1_i/clk_wiz_1/inst/clk_out1                        | design_1_i/axi_smc/inst/switchboards/i_nodes/i_b_node/inst/inst_si_handler/gen_si_handler.gen_request_counters.gen_req_counter[2].inst_req_counter/E[0]                                                    | design_1_i/axi_smc/inst/switchboards/i_nodes/i_b_node/inst/inst_si_handler/areset_r_0                                                                              |                1 |              4 |         4.00 |
|  design_1_i/clk_wiz_1/inst/clk_out1                        | design_1_i/axi_smc/inst/switchboards/i_nodes/i_b_node/inst/inst_mi_handler/gen_normal_area.gen_fi_regulator.inst_fi_regulator/allow_transfer_r_reg_0                                                       | design_1_i/axi_smc/inst/switchboards/i_nodes/i_b_node/inst/inst_si_handler/gen_si_handler.gen_request_counters.gen_req_counter[1].inst_req_counter/areset_r_reg[0] |                2 |              4 |         2.00 |
|  design_1_i/clk_wiz_1/inst/clk_out1                        | design_1_i/axi_smc/inst/switchboards/i_nodes/i_r_node/inst/inst_si_handler/gen_si_handler.gen_request_counters.gen_req_counter[2].inst_req_counter/allow_transfer_r_reg[0]                                 | design_1_i/axi_smc/inst/switchboards/i_nodes/i_r_node/inst/inst_si_handler/areset_r_0                                                                              |                1 |              4 |         4.00 |
|  design_1_i/clk_wiz_1/inst/clk_out1                        | design_1_i/DMA_0/inst/u_dma_top/u_movement/u_axi/FSM_sequential_state[3]_i_1_n_0                                                                                                                           | design_1_i/DMA_0/inst/u_dma_top/u_csr/reset                                                                                                                        |                1 |              4 |         4.00 |
| ~design_1_i/mdm_1/U0/Use_E2.BSCAN_I/Dbg_Update_0_BUFG      |                                                                                                                                                                                                            | design_1_i/mdm_1/U0/Use_E2.BSCAN_I/AR[0]                                                                                                                           |                1 |              4 |         4.00 |
|  design_1_i/mdm_1/U0/No_Dbg_Reg_Access.BUFG_DRCK/Dbg_Clk_0 | design_1_i/mdm_1/U0/MDM_Core_I1/Use_BSCAN.TDI_Shifter0                                                                                                                                                     | design_1_i/mdm_1/U0/Use_E2.BSCAN_I/AR[0]                                                                                                                           |                1 |              4 |         4.00 |
|  design_1_i/mdm_1/U0/Use_E2.BSCAN_I/Dbg_Update_0_BUFG      | design_1_i/mdm_1/U0/MDM_Core_I1/Use_BSCAN.MDM_SEL                                                                                                                                                          | design_1_i/mdm_1/U0/Use_E2.BSCAN_I/AR[0]                                                                                                                           |                1 |              4 |         4.00 |
|  design_1_i/clk_wiz_1/inst/clk_out1                        |                                                                                                                                                                                                            | design_1_i/axi_smc/inst/clk_map/psr_aclk/U0/EXT_LPF/lpf_int                                                                                                        |                3 |              4 |         1.33 |
|  design_1_i/clk_wiz_1/inst/clk_out1                        | design_1_i/axi_uartlite_0/U0/UARTLITE_CORE_I/BAUD_RATE_I/en_16x_Baud                                                                                                                                       |                                                                                                                                                                    |                1 |              4 |         4.00 |
|  design_1_i/clk_wiz_1/inst/clk_out1                        |                                                                                                                                                                                                            | design_1_i/axi_intc_0/U0/AXI_LITE_IPIF_I/I_SLAVE_ATTACHMENT/clear                                                                                                  |                1 |              4 |         4.00 |
|  design_1_i/clk_wiz_1/inst/clk_out1                        | design_1_i/microblaze_0/U0/MicroBlaze_Core_I/Performance.Core/Decode_I/wb_exception_i_reg_2                                                                                                                | design_1_i/microblaze_0/U0/MicroBlaze_Core_I/sync_reset                                                                                                            |                3 |              5 |         1.67 |
|  design_1_i/clk_wiz_1/inst/clk_out1                        |                                                                                                                                                                                                            | design_1_i/rst_clk_wiz_1_100M/U0/EXT_LPF/lpf_int                                                                                                                   |                3 |              5 |         1.67 |
|  design_1_i/clk_wiz_1/inst/clk_out1                        | design_1_i/DMA_0/inst/u_dma_top/u_movement/u_df/E[0]                                                                                                                                                       | design_1_i/DMA_0/inst/u_dma_top/u_csr/reset                                                                                                                        |                2 |              5 |         2.50 |
|  design_1_i/mdm_1/U0/Use_E2.BSCAN_I/Dbg_Update_0_BUFG      | design_1_i/microblaze_0/U0/MicroBlaze_Core_I/Performance.Core/Use_Debug_Logic.Master_Core.Debug_Perf/Control_Reg_En                                                                                        |                                                                                                                                                                    |                2 |              5 |         2.50 |
|  design_1_i/mdm_1/U0/No_Dbg_Reg_Access.BUFG_DRCK/Dbg_Clk_0 | design_1_i/mdm_1/U0/Use_E2.BSCAN_I/Use_E2.BSCANE2_I_2                                                                                                                                                      |                                                                                                                                                                    |                2 |              6 |         3.00 |
|  design_1_i/clk_wiz_1/inst/clk_out1                        | design_1_i/rst_clk_wiz_1_100M/U0/SEQ/seq_cnt_en                                                                                                                                                            | design_1_i/rst_clk_wiz_1_100M/U0/SEQ/SEQ_COUNTER/clear                                                                                                             |                1 |              6 |         6.00 |
|  design_1_i/clk_wiz_1/inst/clk_out1                        | design_1_i/axi_smc/inst/clk_map/psr_aclk/U0/SEQ/seq_cnt_en                                                                                                                                                 | design_1_i/axi_smc/inst/clk_map/psr_aclk/U0/SEQ/SEQ_COUNTER/clear                                                                                                  |                1 |              6 |         6.00 |
|  design_1_i/mdm_1/U0/No_Dbg_Reg_Access.BUFG_DRCK/Dbg_Clk_0 | design_1_i/mdm_1/U0/MDM_Core_I1/JTAG_CONTROL_I/Use_BSCAN.FDC_I/Use_Serial_Unified_Completion.Completion_Status_Register.sample_1                                                                           |                                                                                                                                                                    |                2 |              6 |         3.00 |
|  design_1_i/clk_wiz_1/inst/clk_out1                        |                                                                                                                                                                                                            | design_1_i/axi_uartlite_0/U0/UARTLITE_CORE_I/UARTLITE_RX_I/SRL_FIFO_I/RX_FIFO_Reset                                                                                |                2 |              6 |         3.00 |
|  design_1_i/mdm_1/U0/No_Dbg_Reg_Access.BUFG_DRCK/Dbg_Clk_0 | design_1_i/mdm_1/U0/Use_E2.BSCAN_I/Use_Serial_Unified_Completion.Data_Read_Status.count                                                                                                                    |                                                                                                                                                                    |                2 |              6 |         3.00 |
|  design_1_i/clk_wiz_1/inst/clk_out1                        |                                                                                                                                                                                                            | design_1_i/axi_uartlite_0/U0/UARTLITE_CORE_I/UARTLITE_TX_I/SRL_FIFO_I/TX_FIFO_Reset                                                                                |                2 |              6 |         3.00 |
|  design_1_i/clk_wiz_1/inst/clk_out1                        | design_1_i/DMA_0/inst/u_dma_top/u_movement/u_axi/FSM_sequential_state_reg[2]_0[0]                                                                                                                          | design_1_i/DMA_0/inst/u_dma_top/u_csr/reset                                                                                                                        |                3 |              7 |         2.33 |
|  design_1_i/clk_wiz_1/inst/clk_out1                        | design_1_i/DMA_0/inst/u_dma_top/u_movement/u_df/df_in_wr_en_o_reg_0[0]                                                                                                                                     | design_1_i/DMA_0/inst/u_dma_top/u_csr/reset                                                                                                                        |                3 |              7 |         2.33 |
|  design_1_i/clk_wiz_1/inst/clk_out1                        | design_1_i/axi_uartlite_0/U0/UARTLITE_CORE_I/BAUD_RATE_I/en_16x_Baud                                                                                                                                       | design_1_i/axi_uartlite_0/U0/UARTLITE_CORE_I/UARTLITE_RX_I/SERIAL_TO_PARALLEL[8].fifo_din[8]_i_1_n_0                                                               |                1 |              7 |         7.00 |
|  design_1_i/clk_wiz_1/inst/clk_out1                        | design_1_i/DMA_0/inst/u_dma_top/u_movement/u_sram/E[0]                                                                                                                                                     | design_1_i/DMA_0/inst/u_dma_top/u_csr/reset                                                                                                                        |                4 |              7 |         1.75 |
|  design_1_i/clk_wiz_1/inst/clk_out1                        | design_1_i/DMA_0/inst/u_dma_top/u_csr/reg_tail[7]_i_1_n_0                                                                                                                                                  | design_1_i/DMA_0/inst/u_mem_init/rst_n_0                                                                                                                           |                2 |              8 |         4.00 |
|  design_1_i/clk_wiz_1/inst/clk_out1                        | design_1_i/DMA_0/inst/u_dma_top/u_csr/reg_ringlen[23]_i_1_n_0                                                                                                                                              | design_1_i/DMA_0/inst/u_mem_init/rst_n_0                                                                                                                           |                4 |              8 |         2.00 |
|  design_1_i/clk_wiz_1/inst/clk_out1                        | design_1_i/DMA_0/inst/u_dma_top/u_csr/p_0_in__0[7]                                                                                                                                                         | design_1_i/DMA_0/inst/u_mem_init/rst_n_0                                                                                                                           |                3 |              8 |         2.67 |
|  design_1_i/clk_wiz_1/inst/clk_out1                        | design_1_i/DMA_0/inst/u_dma_top/u_csr/p_0_in__0[31]                                                                                                                                                        | design_1_i/DMA_0/inst/u_mem_init/rst_n_0                                                                                                                           |                3 |              8 |         2.67 |
|  design_1_i/clk_wiz_1/inst/clk_out1                        | design_1_i/DMA_0/inst/u_dma_top/u_csr/p_0_in__0[23]                                                                                                                                                        | design_1_i/DMA_0/inst/u_mem_init/rst_n_0                                                                                                                           |                4 |              8 |         2.00 |
|  design_1_i/clk_wiz_1/inst/clk_out1                        | design_1_i/DMA_0/inst/u_dma_top/u_csr/p_0_in__0[15]                                                                                                                                                        | design_1_i/DMA_0/inst/u_mem_init/rst_n_0                                                                                                                           |                2 |              8 |         4.00 |
|  design_1_i/clk_wiz_1/inst/clk_out1                        | design_1_i/DMA_0/inst/u_dma_top/u_movement/u_sram/FSM_sequential_state_reg[2]_0[0]                                                                                                                         | design_1_i/DMA_0/inst/u_dma_top/u_csr/reset                                                                                                                        |                3 |              8 |         2.67 |
|  design_1_i/clk_wiz_1/inst/clk_out1                        | design_1_i/DMA_0/inst/u_mem_init/aw_pending                                                                                                                                                                | design_1_i/DMA_0/inst/u_mem_init/rst_n_0                                                                                                                           |                2 |              8 |         4.00 |
|  design_1_i/clk_wiz_1/inst/clk_out1                        | design_1_i/DMA_0/inst/u_mem_init/reg_init_data[23]_i_1_n_0                                                                                                                                                 | design_1_i/DMA_0/inst/u_mem_init/rst_n_0                                                                                                                           |                3 |              8 |         2.67 |
|  design_1_i/clk_wiz_1/inst/clk_out1                        | design_1_i/DMA_0/inst/u_mem_init/reg_init_data[7]_i_1_n_0                                                                                                                                                  | design_1_i/DMA_0/inst/u_mem_init/rst_n_0                                                                                                                           |                4 |              8 |         2.00 |
|  design_1_i/clk_wiz_1/inst/clk_out1                        | design_1_i/DMA_0/inst/u_mem_init/reg_init_data[31]_i_1_n_0                                                                                                                                                 | design_1_i/DMA_0/inst/u_mem_init/rst_n_0                                                                                                                           |                2 |              8 |         4.00 |
|  design_1_i/clk_wiz_1/inst/clk_out1                        | design_1_i/DMA_0/inst/u_mem_init/reg_init_data[15]_i_1_n_0                                                                                                                                                 | design_1_i/DMA_0/inst/u_mem_init/rst_n_0                                                                                                                           |                3 |              8 |         2.67 |
|  design_1_i/clk_wiz_1/inst/clk_out1                        | design_1_i/DMA_0/inst/u_mem_init/p_0_in[23]                                                                                                                                                                | design_1_i/DMA_0/inst/u_mem_init/rst_n_0                                                                                                                           |                3 |              8 |         2.67 |
|  design_1_i/clk_wiz_1/inst/clk_out1                        | design_1_i/DMA_0/inst/u_mem_init/p_0_in[31]                                                                                                                                                                | design_1_i/DMA_0/inst/u_mem_init/rst_n_0                                                                                                                           |                4 |              8 |         2.00 |
|  design_1_i/clk_wiz_1/inst/clk_out1                        | design_1_i/axi_uartlite_0/U0/AXI_LITE_IPIF_I/I_SLAVE_ATTACHMENT/I_DECODER/fifo_wr                                                                                                                          |                                                                                                                                                                    |                1 |              8 |         8.00 |
|  design_1_i/clk_wiz_1/inst/clk_out1                        | design_1_i/axi_uartlite_0/U0/AXI_LITE_IPIF_I/I_SLAVE_ATTACHMENT/s_axi_rresp_i[0]                                                                                                                           | design_1_i/axi_uartlite_0/U0/AXI_LITE_IPIF_I/I_SLAVE_ATTACHMENT/rst                                                                                                |                2 |              8 |         4.00 |
|  design_1_i/clk_wiz_1/inst/clk_out1                        | design_1_i/axi_uartlite_0/U0/UARTLITE_CORE_I/UARTLITE_RX_I/SRL_FIFO_I/fifo_wr                                                                                                                              |                                                                                                                                                                    |                1 |              8 |         8.00 |
| ~design_1_i/mdm_1/U0/Use_E2.BSCAN_I/Dbg_Update_0_BUFG      | design_1_i/mdm_1/U0/MDM_Core_I1/JTAG_CONTROL_I/Use_BSCAN.command[0]_i_1_n_0                                                                                                                                |                                                                                                                                                                    |                3 |              8 |         2.67 |
|  design_1_i/mdm_1/U0/No_Dbg_Reg_Access.BUFG_DRCK/Dbg_Clk_0 | design_1_i/mdm_1/U0/MDM_Core_I1/JTAG_CONTROL_I/tdi_shifter0                                                                                                                                                |                                                                                                                                                                    |                2 |              8 |         4.00 |
|  design_1_i/mdm_1/U0/No_Dbg_Reg_Access.BUFG_DRCK/Dbg_Clk_0 | design_1_i/microblaze_0/U0/MicroBlaze_Core_I/Performance.Core/Use_Debug_Logic.Master_Core.Debug_Perf/Using_PC_Breakpoints.All_PC_Brks[0].Serial_Interface_1.address_hit_I/Compare[0].SRLC16E_I/which_pc[0] |                                                                                                                                                                    |                7 |              8 |         1.14 |
|  design_1_i/clk_wiz_1/inst/clk_out1                        | design_1_i/DMA_0/inst/u_dma_top/u_movement/u_axi/FSM_sequential_r_state_reg                                                                                                                                | design_1_i/DMA_0/inst/u_mem_init/rst_n_0                                                                                                                           |                4 |              8 |         2.00 |
|  design_1_i/clk_wiz_1/inst/clk_out1                        | design_1_i/DMA_0/inst/u_dma_top/u_movement/u_axi/beat_idx[7]_i_1__0_n_0                                                                                                                                    | design_1_i/DMA_0/inst/u_dma_top/u_csr/reset                                                                                                                        |                5 |              8 |         1.60 |
|  design_1_i/mdm_1/U0/Use_E2.BSCAN_I/Dbg_Update_0_BUFG      | design_1_i/mdm_1/U0/MDM_Core_I1/JTAG_CONTROL_I/Use_BSCAN.FDC_I/command_10                                                                                                                                  |                                                                                                                                                                    |                3 |              8 |         2.67 |
|  design_1_i/clk_wiz_1/inst/clk_out1                        | design_1_i/DMA_0/inst/u_dma_top/u_movement/u_axi/E[0]                                                                                                                                                      | design_1_i/DMA_0/inst/u_mem_init/rst_n_0                                                                                                                           |                2 |              8 |         4.00 |
|  design_1_i/clk_wiz_1/inst/clk_out1                        | design_1_i/axi_intc_0/U0/AXI_LITE_IPIF_I/I_SLAVE_ATTACHMENT/bus2ip_addr_i[8]_i_1_n_0                                                                                                                       | design_1_i/axi_intc_0/U0/AXI_LITE_IPIF_I/I_SLAVE_ATTACHMENT/rst                                                                                                    |                3 |              8 |         2.67 |
|  design_1_i/clk_wiz_1/inst/clk_out1                        | design_1_i/DMA_0/inst/u_dma_top/u_csr/aw_pending_c                                                                                                                                                         | design_1_i/DMA_0/inst/u_mem_init/rst_n_0                                                                                                                           |                2 |              8 |         4.00 |
|  design_1_i/clk_wiz_1/inst/clk_out1                        | design_1_i/DMA_0/inst/u_dma_top/u_csr/reg_tail[15]_i_1_n_0                                                                                                                                                 | design_1_i/DMA_0/inst/u_mem_init/rst_n_0                                                                                                                           |                3 |              8 |         2.67 |
|  design_1_i/clk_wiz_1/inst/clk_out1                        | design_1_i/DMA_0/inst/u_dma_top/u_csr/reg_ringlen[31]_i_1_n_0                                                                                                                                              | design_1_i/DMA_0/inst/u_mem_init/rst_n_0                                                                                                                           |                4 |              8 |         2.00 |
|  design_1_i/clk_wiz_1/inst/clk_out1                        | design_1_i/DMA_0/inst/u_dma_top/u_csr/reg_ringlen[7]_i_1_n_0                                                                                                                                               | design_1_i/DMA_0/inst/u_mem_init/rst_n_0                                                                                                                           |                3 |              8 |         2.67 |
|  design_1_i/clk_wiz_1/inst/clk_out1                        | design_1_i/DMA_0/inst/u_dma_top/u_csr/reg_tail[31]_i_1_n_0                                                                                                                                                 | design_1_i/DMA_0/inst/u_mem_init/rst_n_0                                                                                                                           |                4 |              8 |         2.00 |
|  design_1_i/clk_wiz_1/inst/clk_out1                        | design_1_i/DMA_0/inst/u_dma_top/u_csr/reg_ringlen[15]_i_1_n_0                                                                                                                                              | design_1_i/DMA_0/inst/u_mem_init/rst_n_0                                                                                                                           |                3 |              8 |         2.67 |
|  design_1_i/clk_wiz_1/inst/clk_out1                        | design_1_i/DMA_0/inst/u_dma_top/u_csr/reg_tail[23]_i_1_n_0                                                                                                                                                 | design_1_i/DMA_0/inst/u_mem_init/rst_n_0                                                                                                                           |                2 |              8 |         4.00 |
|  design_1_i/clk_wiz_1/inst/clk_out1                        |                                                                                                                                                                                                            | design_1_i/axi_intc_0/U0/INTC_CORE_I/s_axi_aresetn_0                                                                                                               |                4 |              9 |         2.25 |
|  design_1_i/clk_wiz_1/inst/clk_out1                        | design_1_i/DMA_0/inst/u_dma_top/u_movement/u_data_mover/E[0]                                                                                                                                               | design_1_i/DMA_0/inst/u_dma_top/u_csr/reset                                                                                                                        |                4 |             10 |         2.50 |
|  design_1_i/clk_wiz_1/inst/clk_out1                        |                                                                                                                                                                                                            | design_1_i/axi_uartlite_0/U0/AXI_LITE_IPIF_I/I_SLAVE_ATTACHMENT/rst                                                                                                |                3 |             10 |         3.33 |
|  design_1_i/mdm_1/U0/No_Dbg_Reg_Access.BUFG_DRCK/Dbg_Clk_0 | design_1_i/mdm_1/U0/MDM_Core_I1/JTAG_CONTROL_I/Use_BSCAN.FDC_I/Use_Serial_Unified_Completion.completion_block_reg                                                                                          |                                                                                                                                                                    |                5 |             10 |         2.00 |
|  design_1_i/clk_wiz_1/inst/clk_out1                        |                                                                                                                                                                                                            | design_1_i/axi_intc_0/U0/AXI_LITE_IPIF_I/I_SLAVE_ATTACHMENT/rst                                                                                                    |                3 |             11 |         3.67 |
|  design_1_i/clk_wiz_1/inst/clk_out1                        | design_1_i/DMA_0/inst/u_mem_init/p_0_in[15]                                                                                                                                                                | design_1_i/DMA_0/inst/u_mem_init/rst_n_0                                                                                                                           |                4 |             12 |         3.00 |
|  design_1_i/clk_wiz_1/inst/clk_out1                        |                                                                                                                                                                                                            | design_1_i/axi_smc/inst/switchboards/i_nodes/i_r_node/inst/inst_si_handler/areset_r_0                                                                              |                4 |             12 |         3.00 |
|  design_1_i/clk_wiz_1/inst/clk_out1                        |                                                                                                                                                                                                            | design_1_i/axi_smc/inst/switchboards/i_nodes/i_b_node/inst/inst_si_handler/areset_r_0                                                                              |                4 |             12 |         3.00 |
|  design_1_i/clk_wiz_1/inst/clk_out1                        | design_1_i/axi_smc/inst/s00_entry_pipeline/s00_mmu/inst/ar_reg_stall/skid_buffer[1136]_i_1_n_0                                                                                                             |                                                                                                                                                                    |                3 |             13 |         4.33 |
|  design_1_i/clk_wiz_1/inst/clk_out1                        | design_1_i/axi_smc/inst/s00_entry_pipeline/s00_mmu/inst/ar_reg_stall/m_vector_i[0]                                                                                                                         |                                                                                                                                                                    |                3 |             13 |         4.33 |
|  design_1_i/clk_wiz_1/inst/clk_out1                        | design_1_i/axi_smc/inst/s00_entry_pipeline/s00_mmu/inst/aw_reg_stall/skid_buffer[1136]_i_1__0_n_0                                                                                                          |                                                                                                                                                                    |                3 |             13 |         4.33 |
|  design_1_i/clk_wiz_1/inst/clk_out1                        | design_1_i/axi_smc/inst/s00_entry_pipeline/s00_mmu/inst/aw_reg_stall/m_vector_i[0]                                                                                                                         |                                                                                                                                                                    |                3 |             13 |         4.33 |
|  design_1_i/clk_wiz_1/inst/clk_out1                        | design_1_i/axi_smc/inst/switchboards/i_nodes/i_ar_node/inst/inst_mi_handler/gen_normal_area.inst_fifo_node_payld/gen_reg_fifo.inst_reg_fifo/gen_single_rank.inst_cntr/E[0]                                 |                                                                                                                                                                    |                3 |             13 |         4.33 |
|  design_1_i/clk_wiz_1/inst/clk_out1                        | design_1_i/axi_smc/inst/switchboards/i_nodes/i_aw_node/inst/inst_mi_handler/gen_normal_area.inst_fifo_node_payld/gen_reg_fifo.inst_reg_fifo/gen_single_rank.inst_cntr/E[0]                                 |                                                                                                                                                                    |                4 |             13 |         3.25 |
|  design_1_i/clk_wiz_1/inst/clk_out1                        | design_1_i/microblaze_0/U0/MicroBlaze_Core_I/Performance.Core/Decode_I/PreFetch_Buffer_I1/Instruction_Prefetch_Mux[4].Gen_Instr_DFF/Using_FPGA.Native_34[0]                                                | design_1_i/microblaze_0/U0/MicroBlaze_Core_I/sync_reset                                                                                                            |                9 |             16 |         1.78 |
|  design_1_i/clk_wiz_1/inst/clk_out1                        | design_1_i/DMA_0/inst/u_dma_top/u_movement/u_sram/beat_idx[7]_i_1_n_0                                                                                                                                      | design_1_i/DMA_0/inst/u_dma_top/u_csr/reset                                                                                                                        |                5 |             18 |         3.60 |
|  design_1_i/clk_wiz_1/inst/clk_out1                        |                                                                                                                                                                                                            | design_1_i/axi_smc/inst/s00_entry_pipeline/s00_mmu/inst/areset                                                                                                     |                8 |             18 |         2.25 |
|  design_1_i/clk_wiz_1/inst/clk_out1                        | design_1_i/axi_intc_0/U0/AXI_LITE_IPIF_I/I_SLAVE_ATTACHMENT/start2                                                                                                                                         | design_1_i/axi_intc_0/U0/AXI_LITE_IPIF_I/I_SLAVE_ATTACHMENT/I_DECODER/cs_ce_clr                                                                                    |                4 |             19 |         4.75 |
|  design_1_i/clk_wiz_1/inst/clk_out1                        | design_1_i/microblaze_0/U0/MicroBlaze_Core_I/Performance.Core/Decode_I/mem_wait_on_ready_N_carry_or/MUXCY_I/lopt_1                                                                                         | design_1_i/microblaze_0/U0/MicroBlaze_Core_I/sync_reset                                                                                                            |                9 |             21 |         2.33 |
|  design_1_i/clk_wiz_1/inst/clk_out1                        |                                                                                                                                                                                                            | design_1_i/DMA_0/inst/u_mem_init/rst_n_0                                                                                                                           |               10 |             23 |         2.30 |
|  design_1_i/mdm_1/U0/No_Dbg_Reg_Access.BUFG_DRCK/Dbg_Clk_0 |                                                                                                                                                                                                            | design_1_i/mdm_1/U0/Use_E2.BSCAN_I/Use_E2.BSCANE2_I_3                                                                                                              |                4 |             23 |         5.75 |
|  design_1_i/clk_wiz_1/inst/clk_out1                        | design_1_i/axi_uartlite_0/U0/UARTLITE_CORE_I/BAUD_RATE_I/en_16x_Baud                                                                                                                                       | design_1_i/axi_uartlite_0/U0/UARTLITE_CORE_I/UARTLITE_RX_I/SR[0]                                                                                                   |                7 |             28 |         4.00 |
|  design_1_i/clk_wiz_1/inst/clk_out1                        |                                                                                                                                                                                                            | design_1_i/axi_uartlite_0/U0/UARTLITE_CORE_I/UARTLITE_RX_I/SR[0]                                                                                                   |                8 |             29 |         3.62 |
|  design_1_i/clk_wiz_1/inst/clk_out1                        | design_1_i/DMA_0/inst/u_sys_mem/w_addr[0]                                                                                                                                                                  | design_1_i/DMA_0/inst/u_mem_init/rst_n_0                                                                                                                           |                8 |             30 |         3.75 |
|  design_1_i/clk_wiz_1/inst/clk_out1                        | design_1_i/DMA_0/inst/u_mem_init/rdata_r[31]_i_1_n_0                                                                                                                                                       | design_1_i/DMA_0/inst/u_mem_init/rst_n_0                                                                                                                           |               14 |             32 |         2.29 |
|  design_1_i/clk_wiz_1/inst/clk_out1                        | design_1_i/axi_smc/inst/switchboards/i_nodes/i_r_node/inst/inst_si_handler/gen_si_handler.gen_arbiter_rr_minimal_area.inst_arbiter/E[0]                                                                    |                                                                                                                                                                    |               13 |             32 |         2.46 |
|  design_1_i/clk_wiz_1/inst/clk_out1                        | design_1_i/DMA_0/inst/u_dma_top/u_movement/u_axi/desc_buf_c[95]                                                                                                                                            | design_1_i/DMA_0/inst/u_dma_top/u_csr/reset                                                                                                                        |               16 |             32 |         2.00 |
|  design_1_i/clk_wiz_1/inst/clk_out1                        |                                                                                                                                                                                                            | design_1_i/microblaze_0/U0/MicroBlaze_Core_I/Performance.Core/wb_dlmb_valid_read_data0                                                                             |               21 |             32 |         1.52 |
|  design_1_i/clk_wiz_1/inst/clk_out1                        | design_1_i/DMA_0/inst/u_dma_top/u_movement/u_axi/desc_buf_c[63]                                                                                                                                            | design_1_i/DMA_0/inst/u_dma_top/u_csr/reset                                                                                                                        |               12 |             32 |         2.67 |
|  design_1_i/clk_wiz_1/inst/clk_out1                        | design_1_i/DMA_0/inst/u_dma_top/u_csr/int_status_error_reg                                                                                                                                                 | design_1_i/DMA_0/inst/u_dma_top/u_csr/reg_ctrl_reg[1]_2                                                                                                            |                8 |             32 |         4.00 |
|  design_1_i/clk_wiz_1/inst/clk_out1                        | design_1_i/DMA_0/inst/u_dma_top/u_movement/u_axi/desc_buf_c[103]                                                                                                                                           | design_1_i/DMA_0/inst/u_dma_top/u_csr/reset                                                                                                                        |               13 |             32 |         2.46 |
|  design_1_i/clk_wiz_1/inst/clk_out1                        | design_1_i/DMA_0/inst/u_mem_init/reg_rdata_0[0]                                                                                                                                                            | design_1_i/DMA_0/inst/u_mem_init/rst_n_0                                                                                                                           |                8 |             32 |         4.00 |
|  design_1_i/clk_wiz_1/inst/clk_out1                        | design_1_i/axi_smc/inst/s00_entry_pipeline/s00_mmu/inst/gen_endpoint.decerr_slave_inst/s_axi_rvalid                                                                                                        | design_1_i/microblaze_0/U0/MicroBlaze_Core_I/sync_reset                                                                                                            |                8 |             32 |         4.00 |
|  design_1_i/clk_wiz_1/inst/clk_out1                        | design_1_i/microblaze_0/U0/MicroBlaze_Core_I/Performance.Core/Use_Debug_Logic.Master_Core.Debug_Perf/data_rd_reg[0]_i_1_n_0                                                                                | design_1_i/microblaze_0/U0/MicroBlaze_Core_I/sync_reset                                                                                                            |               14 |             32 |         2.29 |
|  design_1_i/clk_wiz_1/inst/clk_out1                        | design_1_i/microblaze_0/U0/MicroBlaze_Core_I/Performance.Core/Decode_I/Use_MuxCy[3].OF_Piperun_Stage/MUXCY_I/E[0]                                                                                          | design_1_i/microblaze_0/U0/MicroBlaze_Core_I/sync_reset                                                                                                            |               11 |             32 |         2.91 |
|  design_1_i/clk_wiz_1/inst/clk_out1                        | design_1_i/microblaze_0/U0/MicroBlaze_Core_I/Performance.Core/Decode_I/Use_MuxCy[3].OF_Piperun_Stage/MUXCY_I/Using_FPGA.Native_0                                                                           | design_1_i/microblaze_0/U0/MicroBlaze_Core_I/Performance.Core/Decode_I/R                                                                                           |               14 |             32 |         2.29 |
|  design_1_i/clk_wiz_1/inst/clk_out1                        | design_1_i/microblaze_0/U0/MicroBlaze_Core_I/Performance.Core/Decode_I/PreFetch_Buffer_I1/Gen_Mux_Select_LUT6[2].Gen_Sel_DFF/Using_FPGA.Native_0[0]                                                        | design_1_i/microblaze_0/U0/MicroBlaze_Core_I/sync_reset                                                                                                            |                9 |             32 |         3.56 |
|  design_1_i/clk_wiz_1/inst/clk_out1                        | design_1_i/DMA_0/inst/u_dma_top/u_csr/ar_hs                                                                                                                                                                | design_1_i/DMA_0/inst/u_mem_init/rst_n_0                                                                                                                           |               12 |             32 |         2.67 |
|  design_1_i/clk_wiz_1/inst/clk_out1                        | design_1_i/microblaze_0/U0/MicroBlaze_Core_I/Performance.Core/Decode_I/mem_wait_on_ready_N_carry_or/MUXCY_I/lopt_1                                                                                         | design_1_i/microblaze_0/U0/MicroBlaze_Core_I/Performance.Core/Decode_I/SR[0]                                                                                       |               14 |             32 |         2.29 |
|  design_1_i/clk_wiz_1/inst/clk_out1                        | design_1_i/microblaze_0/U0/MicroBlaze_Core_I/Performance.Core/Decode_I/mem_wait_on_ready_N_carry_or/MUXCY_I/lopt_1                                                                                         |                                                                                                                                                                    |                6 |             32 |         5.33 |
|  design_1_i/mdm_1/U0/No_Dbg_Reg_Access.BUFG_DRCK/Dbg_Clk_0 | design_1_i/microblaze_0/U0/MicroBlaze_Core_I/Performance.Core/Use_Debug_Logic.Master_Core.Debug_Perf/Serial_Dbg_Intf.New_Dbg_Instr_TCK                                                                     |                                                                                                                                                                    |               12 |             32 |         2.67 |
|  design_1_i/clk_wiz_1/inst/clk_out1                        | design_1_i/DMA_0/inst/u_dma_top/u_movement/u_axi/desc_buf_c[31]                                                                                                                                            | design_1_i/DMA_0/inst/u_dma_top/u_csr/reset                                                                                                                        |               16 |             32 |         2.00 |
|  design_1_i/clk_wiz_1/inst/clk_out1                        | design_1_i/DMA_0/inst/u_mem_init/p_0_in[7]                                                                                                                                                                 | design_1_i/DMA_0/inst/u_mem_init/rst_n_0                                                                                                                           |               22 |             33 |         1.50 |
|  design_1_i/clk_wiz_1/inst/clk_out1                        | design_1_i/DMA_0/inst/u_dma_top/u_csr/w_pending_c                                                                                                                                                          | design_1_i/DMA_0/inst/u_mem_init/rst_n_0                                                                                                                           |               13 |             36 |         2.77 |
|  design_1_i/clk_wiz_1/inst/clk_out1                        | design_1_i/DMA_0/inst/u_mem_init/w_pending                                                                                                                                                                 | design_1_i/DMA_0/inst/u_mem_init/rst_n_0                                                                                                                           |               13 |             36 |         2.77 |
|  design_1_i/clk_wiz_1/inst/clk_out1                        | design_1_i/DMA_0/inst/u_dma_top/u_movement/u_axi/FSM_sequential_state_reg[1]_0[0]                                                                                                                          | design_1_i/DMA_0/inst/u_dma_top/u_csr/reset                                                                                                                        |                6 |             38 |         6.33 |
|  design_1_i/clk_wiz_1/inst/clk_out1                        | design_1_i/DMA_0/inst/u_dma_top/u_movement/u_axi/FSM_sequential_r_state_reg_1[0]                                                                                                                           | design_1_i/DMA_0/inst/u_mem_init/rst_n_0                                                                                                                           |               16 |             38 |         2.38 |
|  design_1_i/clk_wiz_1/inst/clk_out1                        | design_1_i/axi_smc/inst/switchboards/i_nodes/i_w_node/inst/inst_mi_handler/gen_normal_area.inst_fifo_node_payld/gen_reg_fifo.inst_reg_fifo/gen_single_rank.inst_cntr/E[0]                                  |                                                                                                                                                                    |               13 |             40 |         3.08 |
|  design_1_i/mdm_1/U0/No_Dbg_Reg_Access.BUFG_DRCK/Dbg_Clk_0 | design_1_i/mdm_1/U0/Use_E2.BSCAN_I/Use_E2.BSCANE2_I_0                                                                                                                                                      |                                                                                                                                                                    |               16 |             47 |         2.94 |
|  design_1_i/clk_wiz_1/inst/clk_out1                        | design_1_i/microblaze_0/U0/MicroBlaze_Core_I/Performance.Core/Decode_I/PreFetch_Buffer_I1/Instruction_Prefetch_Mux[42].Instr_Mux_MUXF7/IReady_0                                                            |                                                                                                                                                                    |               10 |             75 |         7.50 |
|  design_1_i/mdm_1/U0/No_Dbg_Reg_Access.BUFG_DRCK/Dbg_Clk_0 |                                                                                                                                                                                                            |                                                                                                                                                                    |               32 |             80 |         2.50 |
|  design_1_i/clk_wiz_1/inst/clk_out1                        | design_1_i/microblaze_0/U0/MicroBlaze_Core_I/Performance.Core/Decode_I/Use_MuxCy[3].OF_Piperun_Stage/MUXCY_I/Using_FPGA.Native_0                                                                           | design_1_i/microblaze_0/U0/MicroBlaze_Core_I/sync_reset                                                                                                            |               34 |             86 |         2.53 |
|  design_1_i/clk_wiz_1/inst/clk_out1                        | design_1_i/DMA_0/inst/u_dma_top/u_movement/u_data_mover/next_state[0]                                                                                                                                      | design_1_i/DMA_0/inst/u_dma_top/u_csr/reset                                                                                                                        |               35 |             97 |         2.77 |
|  design_1_i/clk_wiz_1/inst/clk_out1                        | design_1_i/DMA_0/inst/u_dma_top/u_movement/u_data_mover/instr_axi_next[0]                                                                                                                                  | design_1_i/DMA_0/inst/u_dma_top/u_csr/reset                                                                                                                        |               21 |             98 |         4.67 |
|  design_1_i/clk_wiz_1/inst/clk_out1                        | design_1_i/microblaze_0/U0/MicroBlaze_Core_I/Performance.Core/Decode_I/WB_GPR_Wr                                                                                                                           |                                                                                                                                                                    |               16 |            128 |         8.00 |
|  design_1_i/clk_wiz_1/inst/clk_out1                        |                                                                                                                                                                                                            | design_1_i/microblaze_0/U0/MicroBlaze_Core_I/sync_reset                                                                                                            |               70 |            155 |         2.21 |
|  design_1_i/clk_wiz_1/inst/clk_out1                        |                                                                                                                                                                                                            | design_1_i/DMA_0/inst/u_dma_top/u_csr/reset                                                                                                                        |               49 |            211 |         4.31 |
|  design_1_i/clk_wiz_1/inst/clk_out1                        | design_1_i/microblaze_0/U0/MicroBlaze_Core_I/Performance.Core/Decode_I/Use_MuxCy[11].OF_Piperun_Stage/MUXCY_I/Using_FPGA.Native_0                                                                          | design_1_i/microblaze_0/U0/MicroBlaze_Core_I/sync_reset                                                                                                            |               78 |            221 |         2.83 |
|  design_1_i/clk_wiz_1/inst/clk_out1                        |                                                                                                                                                                                                            |                                                                                                                                                                    |              153 |            329 |         2.15 |
|  design_1_i/clk_wiz_1/inst/clk_out1                        | design_1_i/rst_clk_wiz_1_100M/U0/peripheral_aresetn[0]                                                                                                                                                     |                                                                                                                                                                    |             6051 |           8192 |         1.35 |
+------------------------------------------------------------+------------------------------------------------------------------------------------------------------------------------------------------------------------------------------------------------------------+--------------------------------------------------------------------------------------------------------------------------------------------------------------------+------------------+----------------+--------------+


